1,Aardvark
2,Aardwolf
3,Abyssinian
4,Abyssinian Guinea Pig
5,Acadian Flycatcher
6,Achrioptera Manga
7,Ackie Monitor
8,Addax
9,Adelie Penguin
10,Aesculapian snake
11,Affenpinscher
12,Afghan Hound
13,African Bullfrog
14,African Bush Elephant
15,African Civet
16,African Clawed Frog
17,African Fish Eagle
18,African Forest Elephant
19,African Golden Cat
20,African Grey Parrot
21,African Jacana
22,African Palm Civet
23,African Penguin
24,African Tree Toad
25,African Wild Dog
26,Africanized bee (killer bee)
27,Agama Lizard
28,Agkistrodon Contortrix
29,Aidi
30,Ainu
31,Airedale Terrier
32,Airedoodle
33,Akbash
34,Akita
35,Akita Shepherd
36,Alabai (Central Asian Shepherd)
37,Alaskan Husky
38,Alaskan Klee Kai
39,Alaskan Malamute
40,Alaskan Pollock
41,Alaskan Shepherd
42,Albacore Tuna
43,Albatross
44,Albertonectes
45,Albino (Amelanistic) Corn Snake
46,Aldabra Giant Tortoise
47,Alligator Gar
48,Allosaurus
49,Allosaurus
50,Alpaca
51,Alpine Dachsbracke
52,Alpine Goat
53,Alusky
54,Amano Shrimp
55,Amargasaurus
56,Amazon Parrot
57,Amazon River Dolphin (Pink Dolphin)
58,Amazon Tree Boa
59,Amazonian Royal Flycatcher
60,Amberjack
61,Ambrosia Beetle
62,American Alligator
63,American Alsatian
64,American Bulldog
65,American Bully
66,American Cocker Spaniel
67,American Cockroach
68,American Coonhound
69,American Dog Tick
70,American Eel
71,American Eskimo Dog
72,American Foxhound
73,American Hairless Terrier
74,American Leopard Hound
75,American Paddlefish
76,American Pit Bull Terrier
77,American Pugabull
78,American Pygmy Goat
79,American Robin
80,American Staffordshire Terrier
81,American Toad
82,American Water Spaniel
83,American Wirehair
84,Amethystine Python (Scrub Python)
85,Amphicoelias Fragillimus
86,Amur Leopard
87,Anaconda
88,Anatolian Shepherd Dog
89,Anchovies
90,Andrewsarchus
91,Angelfish
92,Angelshark
93,Angled Sunbeam Caterpillar
94,Anglerfish
95,Angora Ferret
96,Angora Goat
97,Anhinga
98,Anna’s Hummingbird
99,Anole Lizard
100,Anomalocaris
101,Ant
102,Antarctic scale worm
103,Anteater
104,Antelope
105,Anteosaurus
106,Ape
107,Apennine Wolf
108,Appenzeller Dog
109,Apple Head Chihuahua
110,Apple Moth
111,Arabian Cobra
112,Arabian Wolf
113,Arafura File Snake
114,Arambourgiania
115,Arapaima
116,Archaeoindris
117,Archaeopteryx
118,Archaeotherium
119,Archelon Turtle
120,Archerfish
121,Arctic Char
122,Arctic Fox
123,Arctic Hare
124,Arctic Wolf
125,Arctodus
126,Arctotherium
127,Argentavis Magnificens
128,Argentine Black and White Tegu
129,Argentinosaurus
130,Arizona Bark Scorpion
131,Arizona Black Rattlesnake
132,Arizona Blonde Tarantula
133,Arizona Coral Snake
134,Armadillo
135,Armadillo Lizard
136,Armenian Gampr
137,Armored Catfish
138,Armyworm
139,Arsinoitherium
140,Arthropleura
141,Aruba Rattlesnake
142,Ashy Mining Bee
143,Asian Arowana
144,Asian Carp
145,Asian Cockroach
146,Asian Elephant
147,Asian Giant Hornet
148,Asian Lady Beetle
149,Asian Longhorn Beetle
150,Asian Palm Civet
151,Asian Vine Snake
152,Asian Water Monitor
153,Asiatic Black Bear
154,Asp
155,Asp Caterpillar
156,Assassin Bug
157,Assassin Snail
158,Atlantic Salmon
159,Atlantic Sturgeon
160,Atlas Beetle
161,Atlas Moth
162,Aurochs
163,Aussiedoodle
164,Aussiedor
165,Aussiepom
166,Australian Bulldog
167,Australian Cattle Dog
168,Australian Cockroach
169,Australian Firehawk
170,Australian Flathead Perch
171,Australian Gecko
172,Australian Kelpie Dog
173,Australian Labradoodle
174,Australian Mist
175,Australian Retriever
176,Australian Shepherd
177,Australian Shepherd Mix
178,Australian Terrier
179,Australopithecus
180,Avocet
181,Axanthic Ball Python
182,Axolotl
183,Ayam Cemani
184,Aye-aye
185,Azawakh
186,Babirusa
187,Baboon
188,Bactrian Camel
189,Badger
190,Baiji
191,Baird’s Rat Snake
192,Bald Eagle
193,Baleen Whale
194,Balinese
195,Balkan Lynx
196,Ball Python
197,Bamboo Worms
198,Banana Ball Python
199,Banana Cinnamon Ball Python
200,Banana Eel
201,Banana Spider
202,Banded Krait
203,Banded Palm Civet
204,Banded Water Snake
205,Bandicoot
206,Banjo Catfish
207,Barb
208,Barbet
209,Barbut’s Cuckoo Bumblebee
210,Barinasuchus
211,Bark Beetle
212,Bark Scorpion
213,Barn Owl
214,Barn Spider
215,Barn Swallow
216,Barnacle
217,Barosaurus
218,Barracuda
219,Barramundi Fish
220,Barred Owl
221,Barreleye Fish (Barrel Eye)
222,Barylambda
223,Basenji Dog
224,Basenji Mix
225,Basilisk Lizard
226,Basilosaurus
227,Basking Shark
228,Bass
229,Bassador
230,Basset Fauve de Bretagne
231,Basset Hound
232,Basset Hound Mix
233,Bassetoodle
234,Bat
235,Bat-Eared Fox
236,Batfish
237,Bavarian Mountain Hound
238,Baya
239,Bea-Tzu
240,Beabull
241,Beagador
242,Beagle
243,Beagle Mix
244,Beagle Shepherd
245,Beaglier
246,Beago
247,Bear
248,Bearded Collie
249,Bearded Dragon
250,Bearded Fireworm
251,Bearded Vulture
252,Beaski
253,Beauceron
254,Beauty rat snake
255,Beaver
256,Bed Bugs
257,Bedlington Terrier
258,Bee
259,Bee-Eater
260,Beefalo
261,Beetle
262,Belgian Canary
263,Belgian Laekenois
264,Belgian Malinois
265,Belgian Malinois Mix
266,Belgian Sheepdog
267,Belgian Shepherd
268,Belgian Tervuren
269,Belted Kingfisher
270,Beluga Sturgeon
271,Beluga Sturgeon
272,Bengal Tiger
273,Bergamasco
274,Berger Blanc Suisse
275,Berger Picard
276,Bernedoodle
277,Bernese Mountain Dog
278,Bernese Mountain Dog Mix
279,Bernese Shepherd
280,Betta Fish (Siamese Fighting Fish)
281,Bhutan Takin
282,Bichir
283,Bichon Frise
284,Bichpoo
285,Biewer Terrier
286,Bigfin Reef Squid 
287,Bighorn Sheep
288,Bilby
289,Binturong
290,Bird
291,Bird Of Paradise
292,Bird Snake
293,Birman
294,Biscuit Beetle
295,Bismarck Ringed Python
296,Bison
297,Black And Tan Coonhound
298,Black and White Warbler
299,Black Crappie
300,Black Dragon Lizard
301,Black German Shepherd
302,Black Mamba
303,Black Marlin
304,Black Mouth Cur
305,Black Pastel Ball Python
306,Black Rat Snake
307,Black Rhinoceros
308,Black Russian Terrier
309,Black Sea Bass
310,Black Swallowtail
311,Black Swallowtail Caterpillar
312,Black Tarantula
313,Black Throat Monitor
314,Black Wasp
315,Black Widow Spider
316,Black Witch Moth
317,Black-Bellied Whistling Duck
318,Black-Capped Chickadee
319,Black-Footed Ferret
320,Black-headed python
321,Blackburnian Warbler
322,Blackfin Tuna
323,Blacknose Shark
324,Blackpoll Warbler
325,Blacktip Reef Shark
326,Bladefin Basslet
327,Blanket Octopus
328,Blind Snake
329,Blister Beetle
330,Blister Beetle
331,Blobfish
332,Blood Python
333,Bloodhound
334,Blue Belly Lizard
335,Blue Catfish
336,Blue Death Feigning Beetle
337,Blue Eyed Pleco
338,Blue German Shepherd
339,Blue Gray Gnatcatcher
340,Blue grosbeak
341,Blue Iguana
342,Blue Jay
343,Blue Lacy Dog
344,Blue Nose Pit Bull
345,Blue Picardy Spaniel
346,Blue Racer
347,Blue Shark
348,Blue Tanager (Blue-Grey Tanager)
349,Blue Tit
350,Blue Whale
351,Blue-Ringed Octopus
352,Bluefin Tuna
353,Bluefish
354,Bluegill
355,Bluetick Coonhound
356,Boas
357,Bobcat
358,Bobolink
359,Boelen’s python
360,Boerboel
361,Boggle
362,Boglen Terrier
363,Boiga
364,Bolivian Anaconda
365,Bolognese Dog
366,Bombay
367,Bonefish
368,Bongo
369,Bonito Fish
370,Bonnethead Shark
371,Bonobo
372,Booby
373,Boomslang
374,Borador
375,Border Collie
376,Border Collie Mix
377,Border Terrier
378,Bordoodle
379,Borkie
380,Bornean Orang-utan
381,Borneo Elephant
382,Boskimo
383,Boston Terrier
384,Bottlenose Dolphin
385,Bouvier Des Flandres
386,Bowfin
387,Bowhead Whale
388,Box Tree Moth
389,Box Turtle
390,Box-Headed Blood Bee
391,Boxachi
392,Boxador
393,Boxer Dog
394,Boxer Mix
395,Boxerdoodle
396,Boxfish
397,Boxsky
398,Boxweiler
399,Boykin Spaniel
400,Bracco Italiano
401,Brachiosaurus
402,Brahminy Blindsnake
403,Braque du Bourbonnais
404,Braque Francais
405,Brazilian Black Tarantula
406,Brazilian Terrier
407,Brazilian Treehopper
408,Bredl’s Python
409,Briard
410,British Timber
411,Brittany
412,Brontosaurus
413,Bronze Whaler Shark
414,Bronze-winged Jacana
415,Brook Trout
416,Brookesia Micra
417,Brown Bear
418,Brown Dog Tick
419,Brown Headed Cowbird
420,Brown Hyena
421,Brown Snake
422,Brown Tree Snake
423,Brown Water Snake
424,Brown-banded Cockroach
425,Brug
426,Brussels Griffon
427,Budgerigar
428,Buffalo
429,Buffalo Fish
430,Bull and Terrier
431,Bull Shark
432,Bull Terrier
433,Bull Trout
434,Bullboxer
435,Bulldog
436,Bulldog Mix
437,Bullfrog
438,Bullmastiff
439,Bullsnake
440,Bumblebee
441,Burmese
442,Burmese Python
443,Burrowing Frog
444,Burrowing Owl
445,Bush Baby
446,Bush Viper
447,Bushmaster Snake
448,Butterfly
449,Butterfly Fish
450,Cabbage Moth
451,Cactus Moth
452,Cactus Mouse
453,Cactus Wren
454,Caecilian
455,Caiman
456,Caiman Lizard
457,Cairn Terrier
458,California Condor
459,California Kingsnake
460,California Tarantula
461,Camel
462,Camel Cricket
463,Camel Spider
464,Canaan Dog
465,Canada Lynx
466,Canada Warbler
467,Canadian Eskimo Dog
468,Canadian Horse
469,Cane Corso
470,Cane Spider
471,Cantil
472,Canvasback
473,Cape Lion
474,Capuchin
475,Capybara
476,Caracal
477,Cardinal
478,Caribbean Reef Shark
479,Caribou
480,Carolina Dog
481,Carolina Parakeet
482,Carp
483,Carpenter Ant
484,Carpet Python
485,Carpet Viper
486,Cascabel
487,Cashmere Goat
488,Cassowary
489,Cat
490,Cat Snake
491,Cat-Eyed Snake
492,Cat-Faced Spider
493,Catahoula Bulldog
494,Catahoula Leopard
495,Catalan Sheepdog
496,Caterpillar
497,Catfish
498,Caucasian Mountain Dog (Shepherd)
499,Caucasian Shepherd
500,Cava Tzu
501,Cavador
502,Cavalier King Charles Spaniel
503,Cavapoo
504,Cave Bear
505,Cave Lion
506,Cecropia Moth
507,Cedar Waxwing
508,Centipede
509,Central Ranges Taipan
510,Cephalaspis
511,Ceratopsian
512,Ceratosaurus
513,Cervalces latifrons (Broad-Fronted Moose)
514,Cesky Fousek
515,Cesky Terrier
516,Chain Pickerel
517,Chameleon
518,Chamois
519,Chartreux
520,Cheagle
521,Checkered Garter Snake
522,Cheetah
523,Chesapeake Bay Retriever
524,Chestnut-Sided Warbler
525,Chi Chi
526,Chickadee
527,Chicken
528,Chicken Snake
529,Chigger
530,Chihuahua
531,Chihuahua Mix
532,Children’s python
533,Chilean Rose Tarantula
534,Chimaera
535,Chimpanzee
536,Chinchilla
537,Chinese Alligator
538,Chinese Cobra
539,Chinese Crested Dog
540,Chinese Geese
541,Chinese Paddlefish
542,Chinese Shar-Pei
543,Chinese Water Deer
544,Chinook
545,Chinook Salmon
546,Chinstrap Penguin
547,Chipit
548,Chipmunk
549,Chipoo
550,Chipping Sparrow
551,Chiton
552,Chiweenie
553,Chorkie
554,Chow Chow
555,Chow Pom
556,Chow Shepherd
557,Christmas Beetle
558,Christmas Island Red Crab
559,Chusky
560,Cicada
561,Cichlid
562,Cinereous Vulture
563,Cinnamon Ball Python
564,Cinnamon Bear
565,Cinnamon Ferret
566,Clark’s Grebe
567,Clearnose Skate
568,Click Beetle
569,Clock Spider
570,Clothes Moth
571,Clouded Leopard
572,Clownfish
573,Clumber Spaniel
574,Coachwhip Snake
575,Coastal Carpet Python
576,Coastal Taipan
577,Coati
578,Cobia Fish
579,Cobras
580,Cockalier
581,Cockapoo
582,Cockatiel
583,Cockatoo
584,Cocker Spaniel
585,Cockle
586,Cockroach
587,Codfish
588,Codling Moth
589,Coelacanth
590,Collared Peccary
591,Collett’s Snake
592,Collie
593,Colossal Squid
594,Comb Jellyfish
595,Comb-crested Jacana
596,Comet Moth
597,Comfort Retriever
598,Common Buzzard
599,Common Carp
600,Common European Adder
601,Common Frog
602,Common Furniture Beetle
603,Common Goldeneye
604,Common Grackle
605,Common Green Magpie
606,Common House Spider
607,Common Loon
608,Common Raven
609,Common Toad
610,Common Yellowthroat
611,Compsognathus
612,Cone Snail
613,Conger Eel
614,Congo Snake
615,Conure
616,Cookiecutter Shark
617,Cooper’s Hawk
618,Copperhead
619,Coral
620,Coral Snake
621,Corella
622,Corgidor
623,Corgipoo
624,Corkie
625,Corman Shepherd
626,Cormorant
627,Corn Rex Cat (Cornish Rex)
628,Corn Snake
629,Cory Catfish
630,Coryphodon
631,Costa’s Hummingbird
632,Coton de Tulear
633,Cotton-top Tamarin
634,Cottonmouth
635,Cougar
636,Cow
637,Coyote
638,Crab
639,Crab Spider
640,Crab-Eating Macaque
641,Crabeater Seal
642,Crane
643,Crappie Fish
644,Crayfish
645,Crested Gecko
646,Crested Penguin
647,Cricket
648,Croatian Sheepdog
649,Crocodile
650,Crocodile Monitor
651,Crocodylomorph
652,Cross Fox
653,Cross River Gorilla
654,Crow
655,Crucian Carp
656,Cryolophosaurus
657,Cuban Boa
658,Cuban Cockroach
659,Cubera Snapper
660,Cuckoo
661,Curly Coated Retriever
662,Curly Hair Tarantula
663,Cuscus
664,Cuttlefish
665,Czechoslovakian Wolfdog
666,Dachsador
667,Dachshund
668,Dachshund Mix
669,Daeodon
670,Dalmadoodle
671,Dalmador
672,Dalmatian
673,Dalmatian Mix
674,Dandie Dinmont Terrier
675,Daniff
676,Danios
677,Danish Swedish Farmdog
678,Dapple Dachshund
679,Dark-Eyed Junco
680,Dark-Eyed Junco
681,Darkling Beetle
682,Darwin’s fox
683,Darwin’s Frog
684,Daug
685,De Brazza’s Monkey
686,De Kay’s Brown Snake
687,Death Adder
688,Death’s Head Cockroach
689,Deathwatch Beetle
690,Decorator Crab
691,Deer
692,Deer Head Chihuahua
693,Deer Tick
694,Deinocheirus
695,Deinosuchus
696,Desert Ghost Ball Python
697,Desert Kingsnake
698,Desert Locust
699,Desert Rain Frog
700,Desert Tortoise
701,Desert Wolf
702,Desmostylus
703,Deutsche Bracke
704,Devil’s Coach Horse Beetle
705,Devon Rex
706,Dhole
707,Diamond python
708,Diamondback Moth
709,Dickinsonia
710,Dik-Dik
711,Dilophosaurus
712,Dimetrodon
713,Dingo
714,Dinocrocuta
715,Dinofelis
716,Dinopithecus
717,Dinosaur Shrimp
718,Dinosaurs
719,Diplodocus
720,Diprotodon
721,Dire Wolf
722,Discus
723,Diving Bell Spider (Water Spider)
724,Diving Duck
725,Doberman Pinscher
726,Dobsonfly
727,Dodo
728,Doedicurus
729,Dog
730,Dog Tick
731,Dogo Argentino
732,Dogue De Bordeaux
733,Dolphin
734,Donkey
735,Dorgi
736,Dorkie
737,Dorking Chicken
738,Dormouse
739,Double Doodle
740,Douc
741,Downy Woodpecker
742,Doxiepoo
743,Doxle
744,Draco Volans Lizard
745,Dragon Eel
746,Dragonfish
747,Dragonfly
748,Dreadnoughtus
749,Drever
750,Dromornis stirtoni
751,Drum Fish
752,Dubia Cockroach
753,Duck
754,Dugong
755,Dumeril’s Boa
756,Dung Beetle
757,Dungeness Crab
758,Dunker
759,Dunkleosteus
760,Dunnock
761,Dusky Dolphin
762,Dusky Shark
763,Dutch Rabbit
764,Dutch Shepherd
765,Dwarf Boa
766,Dwarf Crocodile
767,Dwarf Hamster
768,Eagle
769,Eagle Ray
770,Eared Grebe
771,Earless Monitor Lizard
772,Earthworm
773,Earwig
774,East Siberian Laika
775,Eastern Barred Bandicoot
776,Eastern Bluebird
777,Eastern Box Turtle
778,Eastern Brown Snake
779,Eastern Chipmunk
780,Eastern Coral Snake
781,Eastern Diamondback Rattlesnake
782,Eastern Dobsonfly
783,Eastern Fence Lizard
784,Eastern Glass Lizard
785,Eastern Gorilla
786,Eastern Gray Squirrel
787,Eastern Green Mamba
788,Eastern Hognose Snake
789,Eastern Indigo Snake
790,Eastern Kingbird
791,Eastern Lowland Gorilla
792,Eastern Meadowlark
793,Eastern Phoebe
794,Eastern Racer
795,Eastern Rat snake
796,Eastern Tiger Snake
797,Eastern Turkey (Wild Turkey)
798,Eastern Woodrat
799,Echidna
800,Eclectus Parrot
801,Edible Frog
802,Eel
803,Eel catfish
804,Egret
805,Egyptian Cobra (Egyptian Asp)
806,Egyptian Goose
807,Egyptian Mau
808,Egyptian Tortoise
809,Egyptian Vulture
810,Eider
811,Eland
812,Elasmosaurus
813,Elasmotherium
814,Electric Catfish
815,Electric Eel
816,Elegant Tern
817,Elephant
818,Elephant Beetle
819,Elephant Bird
820,Elephant Fish
821,Elephant Seal
822,Elephant Shrew
823,Elf Owl
824,Elk
825,Ember Tetra
826,Embolotherium
827,Emerald Toucanet
828,Emerald Tree Boa
829,Emerald Tree Monitor
830,Emperor Angelfish
831,Emperor Goose
832,Emperor Penguin
833,Emperor Tamarin
834,Emu
835,Enchi Ball Python
836,English Bulldog
837,English Cocker Spaniel
838,English Cream Golden Retriever
839,English Crested Guinea Pig
840,English Foxhound
841,English Longhorn Cattle
842,English Pointer
843,English Setter
844,English Shepherd
845,English Springer Spaniel
846,English Toy Terrier
847,Entlebucher Mountain Dog
848,Epagneul Pont Audemer
849,Epicyon haydeni
850,Epidexipteryx
851,Equatorial Spitting Cobra
852,Equus giganteus
853,Ermine
854,Eryops
855,Escolar
856,Eskimo Dog
857,Eskipoo
858,Estrela Mountain Dog
859,Euoplocephalus
860,Eurasian Beaver
861,Eurasian Bullfinch
862,Eurasian Collared Dove
863,Eurasian Eagle-owl
864,Eurasian Jay
865,Eurasian Lynx
866,Eurasian Nuthatch
867,Eurasian Sparrowhawk
868,Eurasian Wolf
869,Eurasier
870,European Bee-Eater
871,European Corn Borer
872,European Goldfinch
873,European Polecat
874,European Robin
875,European Starling
876,European Wildcat
877,Eurypterus
878,Evening Bat
879,Evening Grosbeak
880,Executioner Wasp 
881,Eyelash Viper
882,Fainting Goat
883,Fairy-Wren
884,Falcon
885,Fallow deer
886,False Cobra
887,False coral snake
888,False Killer Whale
889,False Water Cobra
890,False Widow Spider
891,Fancy Mouse
892,Fangtooth
893,Feather Star
894,Feist
895,Fennec Fox
896,Fer-de-lance Snake
897,Ferret
898,Ferruginous Hawk
899,Fiddler Crab
900,Field Cuckoo Bumblebee
901,Field Spaniel
902,Fierce Snake
903,Figeater Beetle
904,Fila Brasileiro
905,Fin Whale
906,Finch
907,Finnish Lapphund
908,Finnish Spitz
909,Fire Ball Python
910,Fire Eel
911,Fire salamander
912,Fire-Bellied Toad
913,Firefly
914,Firefly Ball Python
915,Fish
916,Fisher Cat
917,Fishing Cat
918,Fishing Spiders
919,Flamingo
920,Flat-Coated Retriever
921,Flathead Catfish
922,Flea
923,Flea Beetle
924,Fleckvieh Cattle
925,Florida Gar
926,Florida Panther
927,Florida Woods Cockroach
928,Flounder
929,Flounder Fish
930,Flour Beetle
931,Flowerhorn Fish
932,Fluke Fish (summer flounder)
933,Fly
934,Flycatcher
935,Flying Fish
936,Flying Lemur
937,Flying Snake
938,Flying Squirrel
939,Football Fish
940,Forest Cobra
941,Forest Cuckoo Bumblebee
942,Formosan Mountain Dog
943,Fossa
944,Fox
945,Fox Snakes
946,Fox Squirrel
947,Fox Terrier
948,Freeway Ball Python
949,French Bulldog
950,French Bulldog Mix
951,French Lop
952,Frenchton
953,Frengle
954,Freshwater Crocodile
955,Freshwater Drum
956,Freshwater Eel
957,Freshwater Jellyfish
958,Freshwater Sunfish
959,Frigatebird
960,Frilled Lizard
961,Frilled Shark
962,Fritillary Butterfly
963,Frog
964,Frogfish
965,Frug
966,Fruit Bat
967,Fruit Fly
968,Fulvous Whistling Duck
969,Fur Seal
970,Gaboon Viper
971,Galapagos Penguin
972,Galapagos Shark
973,Galapagos Tortoise
974,Gar
975,Garden Eel
976,Garden Spider
977,Gargoyle Gecko
978,Garter Snake
979,Gastornis
980,Gazelle
981,Gecko
982,Genet
983,Gentoo Penguin
984,Geoffroys Tamarin
985,Gerberian Shepsky
986,Gerbil
987,German Cockroach
988,German Longhaired Pointer
989,German Pinscher
990,German Shepherd Guide
991,German Shepherd Mix
992,German Sheppit
993,German Sheprador
994,German Shorthaired Pointer
995,German Spitz
996,German Wirehaired Pointer
997,Gharial
998,Ghost Catfish
999,Ghost Crab
1000,Giant African Land Snail
1001,Giant Armadillo
1002,Giant Beaver
1003,Giant Clam
1004,Giant Desert Centipede
1005,Giant House Spider
1006,Giant Isopod
1007,Giant Leopard Moth
1008,Giant Panda Bear
1009,Giant Salamander
1010,Giant Schnauzer
1011,Giant Schnoodle
1012,Giant Siphonophore
1013,Giant Trevally
1014,Giant Weta
1015,Gibbon
1016,Gigantopithecus
1017,Gila Monster
1018,Giraffe
1019,Glass Frog
1020,Glass Lizard
1021,Glechon
1022,Glen Of Imaal Terrier
1023,Glowworm
1024,Gnat
1025,Goat
1026,Goberian
1027,Goblin Shark
1028,Goby Fish
1029,Goldador
1030,Goldcrest
1031,Golden Dox
1032,Golden Eagle
1033,Golden Irish
1034,Golden Jackal
1035,Golden Lancehead
1036,Golden Lion Tamarin
1037,Golden Masked Owl
1038,Golden Newfie
1039,Golden Oriole
1040,Golden Pyrenees
1041,Golden Retriever
1042,Golden Retriever Mix
1043,Golden Saint
1044,Golden Shepherd
1045,Golden Tortoise Beetle
1046,Golden-Crowned Flying Fox
1047,Golden-Crowned Kinglet
1048,Goldendoodle
1049,Goldfish
1050,Goliath Beetle
1051,Goliath Frog
1052,Goliath Grouper
1053,Goliath Tigerfish
1054,Gollie
1055,Gomphotherium
1056,Goonch Catfish
1057,Goose
1058,Gooty Sapphire Tarantula
1059,Gopher
1060,Gopher Snake
1061,Gopher Tortoise
1062,Goral
1063,Gordon Setter
1064,Gorgosaurus
1065,Gorilla
1066,Goshawk
1067,Gouldian Finch
1068,Gourami
1069,Grapevine Beetle
1070,Grass Carp
1071,Grass Snake
1072,Grass Spider
1073,Grasshopper
1074,Grasshopper Mouse
1075,Gray Catbird
1076,Gray Fox
1077,Gray Tree Frog
1078,Great Blue Heron
1079,Great Crested Flycatcher
1080,Great Dane
1081,Great Dane Mix
1082,Great Danoodle
1083,Great Egret
1084,Great Hammerhead Shark
1085,Great Kiskadee
1086,Great Plains Rat Snake
1087,Great Potoo Bird
1088,Great Pyrenees
1089,Great Pyrenees Mix
1090,Great White Shark
1091,Greater Swiss Mountain Dog
1092,Grebe
1093,Green Anaconda
1094,Green Anole
1095,Green Aphids
1096,Green Bee-Eater
1097,Green Bottle Blue Tarantula
1098,Green Frog
1099,Green Heron
1100,Green Mamba
1101,Green Rat Snake
1102,Green Snake
1103,Green Sunfish
1104,Green Tree Frog
1105,Green Tree Python
1106,Greenland Dog
1107,Greenland Shark
1108,Grey Heron
1109,Grey Mouse Lemur
1110,Grey Reef Shark
1111,Grey Seal
1112,Greyhound
1113,Griffon Vulture
1114,Griffonshire
1115,Grizzly Bear
1116,Groenendael
1117,Ground Snake
1118,Groundhog (Woodchuck)
1119,Groundhog Tick
1120,Grouper
1121,Grouse
1122,Guadalupe Bass
1123,Guinea Fowl
1124,Guinea Pig
1125,Gulper Catfish 
1126,Gulper Eel 
1127,Guppy
1128,Gypsy Cuckoo Bumblebee
1129,Gypsy Moth
1130,Gypsy Moth Caterpillar
1131,Haast’s Eagle
1132,Habu Snake
1133,Haddock
1134,Hagfish
1135,Haikouichthys
1136,Hainosaurus
1137,Hairy Frogfish
1138,Hairy Woodpecker
1139,Halibut
1140,Hallucigenia
1141,Hamburg Chicken
1142,Hammerhead Shark
1143,Hammerhead Worm
1144,Hamster
1145,Harbor Seal
1146,Hardhead Catfish
1147,Hare
1148,Harlequin Coral Snake
1149,Harlequin Rabbit
1150,Harp Seal
1151,Harpy Eagle
1152,Harrier
1153,Harris Hawk
1154,Hartebeest
1155,Hatzegopteryx
1156,Havamalt
1157,Havanese
1158,Havapoo
1159,Havashire
1160,Havashu
1161,Hawaiian Crow
1162,Hawaiian Goose (Nene)
1163,Hawaiian Monk Seal
1164,Hawk
1165,Hawk Moth Caterpillar
1166,Hedgehog
1167,Helicoprion
1168,Hellbender
1169,Hepatic Tanager (Red Tanager)
1170,Hercules Beetle
1171,Hercules Moth
1172,Hermit Crab
1173,Heron
1174,Herrerasaurus
1175,Herring
1176,Herring Gull
1177,Highland Cattle
1178,Himalayan
1179,Hippopotamus
1180,Hippopotamus gorgops
1181,Hoary Bat
1182,Hobo Spider
1183,Hognose snake
1184,Hokkaido
1185,Holy Cross Frog
1186,Honduran White Bat
1187,Honey Badger
1188,Honey Bee
1189,Honey Buzzard
1190,Hooded Oriole
1191,Hooded Seal
1192,Hook-Nosed Sea Snake
1193,Hoopoe
1194,Horgi
1195,Horn Shark
1196,Hornbill
1197,Horned Adder
1198,Horned Beetle
1199,Horned Frog
1200,Horned Grebe
1201,Horned Lizard
1202,Horned Viper
1203,Hornet
1204,Horse
1205,Horse Mackerel
1206,Horsefly
1207,Horseshoe Crab
1208,Houdan Chicken
1209,House Finch
1210,House Sparrow (English Sparrow)
1211,House wren
1212,Housefly
1213,Hovasaurus
1214,Hovawart
1215,Howler Monkey
1216,Human
1217,Humboldt Penguin
1218,Humboldt Squid
1219,Hummingbird
1220,Hummingbird Hawk-Moth
1221,Humpback Whale
1222,Huntaway
1223,Huntsman Spider
1224,Huskador
1225,Huskita
1226,Husky
1227,Husky Jack
1228,Huskydoodle
1229,Hyacinth Macaw
1230,Hyaenodon
1231,Hyena
1232,Ibex
1233,Ibis
1234,Ibizan Hound
1235,Icadyptes
1236,Icelandic Sheepdog
1237,Ichthyosaurus
1238,Ichthyostega
1239,Iguana
1240,Iguanodon
1241,IMG Boa Constrictor
1242,Immortal Jellyfish
1243,Impala
1244,Imperial Moth
1245,Inchworm
1246,Indian Cobra
1247,Indian Elephant
1248,Indian Giant Squirrel
1249,Indian Palm Squirrel
1250,Indian python
1251,Indian Rhinoceros
1252,Indian Star Tortoise
1253,Indianmeal Moth
1254,Indigo Snake
1255,Indochinese Tiger
1256,Indri
1257,Inland Taipan
1258,Insect
1259,Insects
1260,IO Moth
1261,Irish Doodle
1262,Irish Elk
1263,Irish Setter
1264,Irish Terrier
1265,Irish Water Spaniel
1266,Irish WolfHound
1267,Irukandji Jellyfish
1268,Italian Greyhound
1269,Ivory-billed woodpecker
1270,Jabiru
1271,Jacana
1272,Jack Russells
1273,Jack-Chi
1274,Jackabee
1275,Jackal
1276,Jackdaw
1277,Jackrabbit
1278,Jackson’s Chameleon
1279,Jagdterrier
1280,Jaguar
1281,Jaguarundi Cat
1282,Jamaican Boa
1283,Jamaican Iguana
1284,Japanese Bantam Chicken
1285,Japanese Beetle
1286,Japanese Chin
1287,Japanese Macaque
1288,Japanese rat snake
1289,Japanese Spitz
1290,Japanese Squirrel
1291,Japanese Terrier
1292,Javan Leopard
1293,Javan Rhinoceros
1294,Javanese
1295,Jellyfish
1296,Jerboa
1297,Jewel Beetle 
1298,John Dory
1299,Jonah Crab
1300,Joro Spider
1301,Josephoartigasia monesi
1302,Jumping Spider
1303,Jungle Carpet Python
1304,Junglefowl
1305,Kagu
1306,Kai Ken
1307,Kakapo
1308,Kaluga Sturgeon
1309,Kangal Shepard Dog
1310,Kangaroo
1311,Kangaroo Mouse
1312,Kangaroo Rat
1313,Katydid
1314,Kaua’i ‘Ō‘ō
1315,Kea
1316,Keagle
1317,Keel-Billed Toucan
1318,Keelback
1319,Keeshond
1320,Kelp Greenling
1321,Kentucky Warbler
1322,Kenyan Sand Boa
1323,Kermode Bear (Spirit Bear)
1324,Kerry Blue Terrier
1325,Kestrel
1326,Keta Salmon
1327,Key Deer
1328,Keyhole Cichlid
1329,Khao Manee
1330,Khapra Beetle
1331,Kiko Goat
1332,Killdeer
1333,Killer Clown Ball Python
1334,Killer Whale
1335,Killifish
1336,Kinabalu Giant Red Leech
1337,Kinder Goat
1338,King Cobra
1339,King Crab
1340,King Eider
1341,King Mackerel
1342,King Penguin
1343,King Quail
1344,King Rat Snake
1345,King Salmon
1346,King Shepherd
1347,King Snake
1348,King Vulture
1349,Kingfisher
1350,Kinkajou
1351,Kirtland’s snake
1352,Kishu
1353,Kissing Bugs
1354,Kissing Gourami
1355,Kit Fox
1356,Kitefin Shark
1357,Kiwi
1358,Klipspringer
1359,Knifefish
1360,Knight Anole
1361,Koala
1362,Kodiak Bear
1363,Kodkod
1364,Koi Fish
1365,Kokanee Salmon
1366,Komodo Dragon
1367,Komondor
1368,Kooikerhondje
1369,Kookaburra
1370,Koolie
1371,Korean Jindo
1372,Kori Bustard
1373,Kouprey
1374,Kowari
1375,Krait
1376,Krill
1377,Kudu
1378,Kudzu Bug
1379,Kuvasz
1380,Labahoula
1381,Labmaraner
1382,Labout’s Fairy Wrasse
1383,Labrabull
1384,Labradane
1385,Labradoodle
1386,Labrador Retriever
1387,Labraheeler
1388,Labrottie
1389,Lace Bug
1390,Lace Monitor
1391,Ladybug
1392,Ladyfish
1393,Lagotto Romagnolo
1394,Lake Sturgeon
1395,Lakeland Terrier
1396,LaMancha Goat
1397,Lamprey
1398,Lancashire Heeler
1399,Lancetfish
1400,Landseer Newfoundland
1401,Lappet-faced Vulture
1402,Lapponian Herder
1403,Larder Beetle
1404,Large Munsterlander
1405,Largemouth Bass
1406,Lavender Albino Ball Python
1407,Lawnmower Blenny
1408,Lazarus Lizard
1409,Leaf-Tailed Gecko
1410,Leatherback Sea Turtle
1411,Leech
1412,Leedsichthys
1413,Leichhardt’s Grasshopper
1414,Lemming
1415,Lemon Blast Ball Python
1416,Lemon Cuckoo Bumblebee
1417,Lemon Shark
1418,Lemur
1419,Leonberger
1420,Leopard
1421,Leopard Cat
1422,Leopard Frog
1423,Leopard Gecko
1424,Leopard Lizard
1425,Leopard Seal
1426,Leopard Shark
1427,Leopard Tortoise
1428,Leptocephalus
1429,Lesser Jacana
1430,Lhasa Apso
1431,Lhasapoo
1432,Liger
1433,Limpet
1434,Lineback Cattle
1435,Linnet
1436,Lion
1437,Lion’s Mane Jellyfish
1438,Lionfish
1439,Liopleurodon
1440,Little Brown Bat
1441,Little Penguin
1442,Livyatan
1443,Lizard
1444,Lizardfish
1445,Llama
1446,Loach
1447,Lobster
1448,Locust
1449,Lone Star Tick
1450,Long-Eared Owl
1451,Long-Haired Rottweiler
1452,Long-Tailed Tit
1453,Long-Winged Kite Spider
1454,Longfin Mako Shark
1455,Longnose Gar
1456,Lorikeet
1457,Loris
1458,Lowchen
1459,Lumpfish
1460,Luna Moth
1461,Luna Moth Caterpillar
1462,Lungfish
1463,Lurcher
1464,Lykoi Cat
1465,Lynx
1466,Lyrebird
1467,Lystrosaurus
1468,Macaque
1469,Macaroni Penguin
1470,Macaw
1471,MacGillivray’s Warbler
1472,Machaeroides
1473,Mackenzie Wolf
1474,Macrauchenia
1475,Madagascar Hissing Cockroach
1476,Madagascar Jacana
1477,Madagascar Tree Boa
1478,Madora Moth
1479,Magellanic Penguin
1480,Maggot
1481,Magnolia Warbler
1482,Magpie
1483,Magyarosaurus
1484,Mahi Mahi (Dolphin Fish)
1485,Maiasaura
1486,Maine Coon
1487,Mal Shi
1488,Malayan Civet
1489,Malayan Krait
1490,Malayan Tiger
1491,Malchi
1492,Mallard
1493,Malteagle
1494,Maltese
1495,Maltese Shih Tzu
1496,Maltipom
1497,Maltipoo
1498,Mamba
1499,Mamushi Snake
1500,Man of War Jellyfish
1501,Manatee
1502,Manchester Terrier
1503,Mandarin Rat Snake
1504,Mandrill
1505,Maned Wolf
1506,Mangrove Snake
1507,Mangrove Snapper
1508,Manta Ray
1509,Mantella Frog
1510,Marabou Stork
1511,Marble Fox
1512,Maremma Sheepdog
1513,Margay
1514,Marine Iguana
1515,Marine Toad
1516,Markhor
1517,Marmoset
1518,Marmot
1519,Marsh Frog
1520,Marsican Brown Bear
1521,Masiakasaurus
1522,Masked Angelfish
1523,Masked Palm Civet
1524,Massasauga
1525,Mastador
1526,Mastiff
1527,Mastiff Mix
1528,Mauzer
1529,May Beetle
1530,Mayan Cichlid
1531,Mayfly
1532,Meagle
1533,Mealworm Beetle
1534,Mealybug
1535,Meerkat
1536,Megalania
1537,Megalochelys
1538,Megalodon
1539,Megamouth Shark
1540,Meganeura
1541,Megatherium
1542,Meiolania
1543,Mekong Giant Catfish
1544,Merganser
1545,Mexican Alligator Lizard
1546,Mexican Black Kingsnake
1547,Mexican Eagle (Northern crested caracara)
1548,Mexican Fireleg Tarantula
1549,Mexican Free-Tailed Bat
1550,Mexican Mole Lizard
1551,Microraptor
1552,Midget Faded Rattlesnake
1553,Miki
1554,Milk Snake
1555,Milkfish
1556,Millipede
1557,Mini Labradoodle
1558,Mini Lop
1559,Miniature Bull Terrier
1560,Miniature Husky
1561,Miniature Pinscher
1562,Mink
1563,Minke Whale
1564,Mississippi Kite
1565,Moccasin Snake
1566,Mockingbird
1567,Modern Game Chicken
1568,Mojarra
1569,Mojave Ball Python
1570,Mojave Rattlesnake
1571,Mola mola (Ocean Sunfish)
1572,Mole
1573,Mole Crab (Sand Flea)
1574,Mole Cricket
1575,Mole Snake
1576,Mollusk
1577,Molly
1578,Monarch Butterfly
1579,Mongoose
1580,Mongrel
1581,Monitor Lizard
1582,Monkey
1583,Monkfish
1584,Monocled Cobra
1585,Monte Iberia Eleuth
1586,Moon Jellyfish
1587,Moonglow Boa
1588,Moorhen
1589,Moose
1590,Moray Eel
1591,Morkie
1592,Mosasaurus
1593,Moscow Watchdog
1594,Mosquito
1595,Moth
1596,Mountain Beaver
1597,Mountain Bluebird
1598,Mountain Cur
1599,Mountain Feist
1600,Mountain Gorilla
1601,Mountain Lion
1602,Mourning Dove
1603,Mourning Warbler
1604,Mouse
1605,Mouse Spider
1606,Mouse-Deer (Chevrotain)
1607,Mozambique Spitting Cobra
1608,Mud Snake
1609,Mudi
1610,Mudpuppy
1611,Mule
1612,Mule Deer
1613,Mulga Snake
1614,Mullet Fish
1615,Muntjac
1616,Muscovy Duck
1617,Musk Deer
1618,Muskox
1619,Muskrat
1620,Mussurana Snake
1621,Muttaburrasaurus
1622,Muttaburrasaurus
1623,Myna Bird
1624,Nabarlek
1625,Naegleria
1626,Naked Mole Rat
1627,Narwhal
1628,Natterjack
1629,Nautilus
1630,Neanderthal
1631,Neapolitan Mastiff
1632,Nebelung
1633,Needlefish
1634,Nelore Cattle
1635,Neon Tetra
1636,Neptune Grouper
1637,Netherland Dwarf Rabbit
1638,Newfoundland
1639,Newfypoo
1640,Newt
1641,Nguni Cattle
1642,Nicobar pigeon
1643,Nigerian Goat
1644,Night Adder
1645,Night Heron
1646,Night Snake
1647,Nightingale
1648,Nightjar
1649,Nile Crocodile
1650,Nile Perch
1651,Nilgai
1652,No See Ums
1653,Norfolk Terrier
1654,Norrbottenspets
1655,North American Black Bear
1656,Northern Alligator Lizard
1657,Northern Cardinal
1658,Northern Flicker
1659,Northern Fur Seal
1660,Northern Harrier
1661,Northern Inuit Dog
1662,Northern Jacana
1663,Northern Parula
1664,Northern Potoo
1665,Northern Screamer
1666,Northern Water Snake
1667,Norway Rat
1668,Norwegian Buhund
1669,Norwegian Elkhound
1670,Norwegian Forest
1671,Norwegian Lundehund
1672,Norwich Terrier
1673,Nose-horned viper
1674,Nova Scotia Duck Tolling Retriever
1675,Nubian Goat
1676,Nudibranch
1677,Numbat
1678,Nuralagus
1679,Nurse Shark
1680,Nut Weevil
1681,Nuthatch
1682,Nutria
1683,Nyala
1684,Oak Toad
1685,Oarfish
1686,Ocean Whitefish
1687,Oceanic Whitetip Shark
1688,Ocellated Turkey
1689,Ocelot
1690,Octopus
1691,Oenpelli python
1692,Oilfish
1693,Okapi
1694,Old English Sheepdog
1695,Old House Borer
1696,Oleander Hawk Moth
1697,Olingo
1698,Olive Baboon
1699,Olive python
1700,Olive Sea Snake
1701,Olm
1702,Olympic Marmot
1703,Onagadori Chicken
1704,Onager
1705,Opabinia
1706,Opah
1707,Opaleye (Rudderfish)
1708,Opossum
1709,Oranda Goldfish
1710,Orange Baboon Tarantula
1711,Orange Dream Ball Python
1712,Orange Roughy 
1713,Orange Spider
1714,Orange Tanager (Orange-Headed Tanager)
1715,Orange-Crowned Warbler
1716,Orangutan
1717,Orb Weaver
1718,Orchard Oriole
1719,Orchid Dottyback
1720,Oregon Spotted Frog
1721,Ori-Pei
1722,Oribi
1723,Oriental Cockroach
1724,Oriental Dwarf Kingfisher
1725,Orinoco Crocodile
1726,Ornate Bichir
1727,Ornate Box Turtle
1728,Ornithocheirus
1729,Ornithomimus
1730,Ortolan Bunting
1731,Oscar Fish
1732,Osprey
1733,Ostracod
1734,Ostrich
1735,Otter
1736,Otterhound
1737,Ovenbird
1738,Oviraptor
1739,Owl
1740,Owl Butterfly
1741,Owlfly (Ascalaphidae)
1742,Ox
1743,Oxpecker
1744,Oyster
1745,Oyster Toadfish
1746,Ozark Bass
1747,Pachycephalosaurus
1748,Pacific Coast Tick
1749,Pacific Sleeper Shark
1750,Pacific Spaghetti Eel
1751,Paddlefish
1752,Pademelon
1753,Painted Turtle
1754,Palaeoloxodon namadicus
1755,Palaeophis
1756,Paleoparadoxia
1757,Palm Rat
1758,Palo Verde Beetle
1759,Panda Pied Ball Python
1760,Pangolin
1761,Panther
1762,Panthera atrox (American Lion)
1763,Papillon
1764,Paradise Flying Snake
1765,Parakeet
1766,Parasaurolophus
1767,Parrot
1768,Parrot Snake
1769,Parrotfish
1770,Parrotlet
1771,Parson Russell Terrier
1772,Parti Schnauzer
1773,Partridge
1774,Patagotitan
1775,Patas Monkey
1776,Patterdale Terrier
1777,Pea Puffer
1778,Peacock
1779,Peacock Bass
1780,Peacock Butterfly
1781,Peacock Spider
1782,Peagle
1783,Peekapoo
1784,Pekingese
1785,Pelagornis
1786,Pelagornithidae
1787,Pelican
1788,Pelycosaurs
1789,Pembroke Welsh Corgi
1790,Penguin
1791,Pennsylvania Wood Cockroach
1792,Peppered Moth
1793,Peppermint Angelfish
1794,Perch Fish
1795,Pere Davids Deer
1796,Peregrine Falcon
1797,Peringuey’s Adder
1798,Perro De Presa Canario
1799,Persian
1800,Peruvian Guinea Pig
1801,Peruvian Inca Orchid
1802,Pesquet’s Parrot (Dracula Parrot)
1803,Petit Basset Griffon Vendéen
1804,Petite Goldendoodle
1805,Pharaoh Hound
1806,Pheasant
1807,Pheasant-tailed Jacana
1808,Philippine Cobra
1809,Phoenix Chicken
1810,Phorusrhacos
1811,Phytosaurs
1812,Picardy Spaniel
1813,Pictus Catfish
1814,Piebald Dachshund
1815,Pied Ball Python
1816,Pied Tamarin
1817,Pied-Billed Grebe
1818,Pig
1819,Pig-Nosed Turtle
1820,Pigeon
1821,Pika
1822,Pike Fish
1823,Pileated Woodpecker
1824,Pinacate Beetle
1825,Pine Beetle
1826,Pine Marten
1827,Pine Siskin
1828,Pine Snake
1829,Pine Snake
1830,Pinfish
1831,Pink Fairy Armadillo
1832,Pink Salmon
1833,Pink Toed Tarantula
1834,Pink-Necked Green Pigeon
1835,Pipe Snake
1836,Pipefish
1837,Piranha
1838,Pit Bull
1839,Pit Viper
1840,Pitador
1841,Pitsky
1842,Plains Hognose Snake
1843,Platinum Arowana
1844,Platybelodon
1845,Platypus
1846,Plesiosaur
1847,Pliosaur
1848,Plott Hound Mix
1849,Plott Hounds
1850,Plymouth Rock Chicken
1851,Pocket Beagle
1852,Pocket Pitbull
1853,Podenco Canario
1854,Pointer
1855,Pointer Mix
1856,Poison Dart Frog
1857,Polacanthus
1858,Polar Bear
1859,Polecat
1860,Polish Lowland Sheepdog
1861,Polish Tatra Sheepdog
1862,Polka Dot Stingray
1863,Pollock Fish
1864,Polyphemus moth
1865,Pomapoo
1866,Pomchi
1867,Pomeagle
1868,Pomeranian
1869,Pomsky
1870,Pond Skater
1871,Poochon
1872,Poodle
1873,Poogle
1874,Pool Frog
1875,Porbeagle Shark
1876,Porcupine
1877,Porpoise
1878,Portuguese Podengo
1879,Possum
1880,Potoo
1881,Potoroo
1882,Powderpost Beetle
1883,Prairie Chicken
1884,Prairie Dog
1885,Prairie Rattlesnake
1886,Prawn
1887,Praying Mantis
1888,Proboscis Monkey
1889,Procoptodon
1890,Pronghorn
1891,Psittacosaurus
1892,Psittacosaurus
1893,Pteranodon
1894,Pterodactyl
1895,Pudelpointer
1896,Puertasaurus
1897,Puff Adder
1898,Pufferfish
1899,Puffin
1900,Pug
1901,Pug Mix
1902,Pugapoo
1903,Puggle
1904,Pugshire
1905,Puli
1906,Puma
1907,Pumi
1908,Pumpkin Patch Tarantula
1909,Purple Emperor Butterfly
1910,Purple Finch
1911,Purple Gallinule
1912,Purple Tarantula
1913,Purussaurus
1914,Puss Caterpillar
1915,Puss Moth
1916,Pygmy Hippopotamus
1917,Pygmy Marmoset (Finger Monkey)
1918,Pygmy python
1919,Pygmy Shark
1920,Pygora Goat
1921,Pyjama Shark
1922,Pyrador
1923,Pyredoodle
1924,Pyrenean Mastiff
1925,Pyrenean Shepherd
1926,Python
1927,Quagga
1928,Quail
1929,Queen snake
1930,Quetzal
1931,Quetzalcoatlus northropi
1932,Quokka
1933,Quoll
1934,Rabbit
1935,Raccoon
1936,Raccoon Dog
1937,Racer Snake
1938,Radiated Tortoise
1939,Ragamuffin
1940,Ragdoll
1941,Raggle
1942,Rainbow Boa
1943,Rainbow Kribs (Kribensis)
1944,Rainbow Shark
1945,Rat
1946,Rat Snakes
1947,Rat Terrier
1948,Rattlesnake
1949,Red Ackie Monitor
1950,Red Aphids
1951,Red Deer
1952,Red Diamondback Rattlesnake
1953,Red Drum Fish
1954,Red Finch
1955,Red Fox
1956,Red Kite
1957,Red Knee Tarantula
1958,Red Nose Pit Bull
1959,Red Panda
1960,Red Paper Wasp
1961,Red Racer Snake
1962,Red Spitting Cobra
1963,Red Squirrel
1964,Red Tail Boa (common boa)
1965,Red Wolf
1966,Red-Bellied Black Snake
1967,Red-Bellied Woodpecker
1968,Red-Billed Quelea Bird
1969,Red-Eared Slider
1970,Red-Eyed Tree Frog
1971,Red-Footed Tortoise
1972,Red-handed Tamarin
1973,Red-Headed Vulture
1974,Red-Lipped Batfish
1975,Red-Shouldered Hawk
1976,Red-Tailed Cuckoo Bumblebee
1977,Red-winged blackbird
1978,Redback Spider
1979,Redbone Coonhound
1980,Redcap Chicken
1981,Redhump Eartheater
1982,Redstart
1983,Redtail Catfish
1984,Reef Shark
1985,Regal Jumping Spider
1986,Reindeer
1987,Repenomamus
1988,Reticulated python
1989,Rex Rabbit
1990,Rhamphosuchus
1991,Rhea
1992,Rhesus Macaque
1993,Rhino Beetle
1994,Rhino Viper
1995,Rhinoceros
1996,Rhode Island Red Chicken
1997,Rhodesian Ridgeback
1998,Rhombic Egg-Eater Snake
1999,Ribbon Eel
2000,Ribbon Snake
2001,Rim Rock Crowned Snake
2002,Ring-billed Gull
2003,Ringed Kingfisher
2004,Rinkhals Snake
2005,River Otter
2006,River Turtle
2007,Roadrunner
2008,Robber Flies
2009,Robin
2010,Rock Crab
2011,Rock Hyrax
2012,Rock Python
2013,Rockfish
2014,Rockhopper Penguin
2015,Rodents
2016,Roe Deer
2017,Rooster
2018,Root Aphids
2019,Rose-breasted Grosbeak
2020,Roseate Spoonbill
2021,Rosy Boa
2022,Rotterman
2023,Rottle
2024,Rottsky
2025,Rottweiler
2026,Rottweiler Mix
2027,Rough Earth Snake
2028,Rough Green Snake
2029,Rough-Legged Hawk (Rough-Legged Buzzard)
2030,Rove Beetle
2031,Royal Penguin
2032,Rubber Boa
2033,Ruby-Crowned Kinglet
2034,Ruby-Throated Hummingbird
2035,Ruddy Turnstone
2036,Rufous Hummingbird
2037,Russel’s Viper
2038,Russell Terrier
2039,Russian Bear Dog
2040,Russian Blue
2041,Russian Tortoise
2042,Saanen Goat
2043,Saarloos Wolfdog
2044,Saber-Toothed Tiger
2045,Sable
2046,Sable Black German Shepherd
2047,Sable Ferret
2048,Sable German Shepherd
2049,Saddleback Caterpillar
2050,Saiga
2051,Sailfish
2052,Saint Berdoodle
2053,Saint Bernard
2054,Saint Shepherd
2055,Salamander
2056,Salmon
2057,Salmon Shark
2058,Saluki
2059,Sambar
2060,Samoyed
2061,San Francisco Garter Snake
2062,Sand Cat
2063,Sand Crab
2064,Sand Dollar
2065,Sand Lizard
2066,Sand Tiger Shark
2067,Sand Viper
2068,Sandhill Crane
2069,Sandpiper
2070,Saola
2071,Sapsali
2072,Sarcosuchus
2073,Sardines
2074,Sarkastodon
2075,Sarplaninac
2076,Sarus Crane
2077,Satanic leaf-tailed gecko
2078,Saturniidae Moth
2079,Sauropoda
2080,Sauropoda
2081,Savanna Goat
2082,Savannah Monitor
2083,Savannah Sparrow
2084,Savu Python
2085,Saw-scaled viper
2086,Sawfish
2087,Scale-Crested Pygmy Tyrant
2088,Scaleless Ball Python
2089,Scallops
2090,Scarab Beetle
2091,Scarlet Kingsnake
2092,Scarlet Macaw
2093,Scarlet Tanager
2094,Schapendoes
2095,Schipperke
2096,Schneagle
2097,Schnoodle
2098,Scimitar-horned Oryx
2099,Scorpion
2100,Scorpion Fish
2101,Scotch Collie
2102,Scottish Deerhound
2103,Scottish Fold Cat
2104,Scottish Terrier
2105,Scrotum Frog
2106,Sculpin
2107,Scutosaurus
2108,Sea Anemone
2109,Sea Bass
2110,Sea Dragon
2111,Sea Eagle
2112,Sea Lion
2113,Sea Otter
2114,Sea Roach
2115,Sea Slug
2116,Sea Snake
2117,Sea Spider
2118,Sea Squirt
2119,Sea Turtle
2120,Sea Urchin
2121,Seagull
2122,Seahorse
2123,Seal
2124,Sealyham Terrier
2125,Sedge Warbler
2126,Sehuencas Water Frog
2127,Sei Whale
2128,Senegal Parrot
2129,Senepol Cattle
2130,Sequined Spider
2131,Serval
2132,Seymouria
2133,Shantungosaurus
2134,Shark
2135,Sharp-Shinned Hawk
2136,Sharp-Tailed Snake
2137,Shastasaurus
2138,Sheep
2139,Sheepadoodle
2140,Sheepshead Fish
2141,Shepadoodle
2142,Shepkita
2143,Shepweiler
2144,Shetland Sheepdog
2145,Shiba Inu
2146,Shiba Inu Mix
2147,Shichi
2148,Shih Poo
2149,Shih Tzu
2150,Shih Tzu Mix
2151,Shikoku
2152,Shiloh Shepherd
2153,Shiranian
2154,Shoebill Stork
2155,Shollie
2156,Short-Eared Owl
2157,Short-Faced Bear
2158,Shortfin Mako Shark
2159,Shrew
2160,Shrimp
2161,Siamese
2162,Siberian
2163,Siberian Husky
2164,Siberian Ibex
2165,Siberian Retriever
2166,Siberian Tiger
2167,Siberpoo
2168,Sidewinder
2169,Sika Deer
2170,Silken Windhound
2171,Silkie Chicken
2172,Silky Shark
2173,Silky Terrier
2174,Silver Dollar
2175,Silver Labrador
2176,Simbakubwa
2177,Sinosauropteryx
2178,Sivatherium
2179,Six-Eyed Sand Spiders
2180,Sixgill shark
2181,Skate Fish
2182,Skeleton Tarantula
2183,Skink Lizard
2184,Skipjack Tuna
2185,Skua
2186,Skunk
2187,Skye Terrier
2188,Sleeper Shark
2189,Sloth
2190,Slovak Cuvac
2191,Slow Worm
2192,Slug
2193,Smallmouth Bass
2194,Smilosuchus
2195,Smokybrown Cockroach
2196,Smooth Earthsnake
2197,Smooth Fox Terrier
2198,Smooth Green Snake
2199,Smooth Hammerhead Shark
2200,Smooth Snake
2201,Snail
2202,Snailfish
2203,Snake
2204,Snapping Turtle
2205,Snook Fish
2206,Snorkie
2207,Snouted Cobra
2208,Snow Bunting
2209,Snow Crab
2210,Snow Leopard
2211,Snowberry Clearwing Moth
2212,Snowflake Eel
2213,Snowshoe
2214,Snowshoe Hare
2215,Snowy Owl
2216,Sockeye Salmon
2217,Soldier Beetle
2218,Somali
2219,Song Sparrow
2220,Song Thrush
2221,South China Tiger
2222,Southern Black Racer
2223,Southern Flannel Moth
2224,Southern Hognose Snake
2225,Southern House Spider
2226,Southern Pacific Rattlesnake
2227,Spadefoot Toad
2228,Spanador
2229,Spanish Goat
2230,Spanish Mackerel
2231,Spanish Mastiff
2232,Spanish Water Dog
2233,Sparrow
2234,Sparrowhawk
2235,Speckled Kingsnake
2236,Speckled Trout
2237,Spectacled Bear
2238,Sperm Whale
2239,Sphynx
2240,Spider
2241,Spider Ball Python
2242,Spider Beetle
2243,Spider Monkey
2244,Spider Wasp
2245,Spider-Tailed Horned Viper
2246,Spinner Shark
2247,Spinone Italiano
2248,Spinosaurus
2249,Spiny bush viper
2250,Spiny Dogfish
2251,Spiny Hill Turtle
2252,Spitting Cobra
2253,Spixs Macaw
2254,Sponge
2255,Spongy Moth
2256,Spotted Bass
2257,Spotted Gar
2258,Spotted Garden Eel
2259,Spotted Lanternfly
2260,Spotted python
2261,Spotted Skunk
2262,Springador
2263,Springbok
2264,Springerdoodle
2265,Squash Beetle
2266,Squid
2267,Squirrel
2268,Squirrel Monkey
2269,Squirrelfish
2270,Sri Lankan Elephant
2271,Stabyhoun
2272,Staffordshire Bull Terrier
2273,Stag Beetle
2274,Standard Schnauzer
2275,Star-nosed mole
2276,Starfish
2277,Stargazer Fish
2278,Steelhead Salmon
2279,Steller’s Sea Cow
2280,Stick Insect
2281,Stiletto Snake
2282,Stingray
2283,Stoat
2284,Stone Crab
2285,Stonechat
2286,Stonefish
2287,Stoplight Loosejaw
2288,Stork
2289,Strawberry Hermit Crab
2290,Striped Hyena
2291,Striped Rocket Frog
2292,Stupendemys
2293,Sturgeon
2294,Styracosaurus
2295,Suchomimus
2296,Sucker Fish
2297,Sugar Glider
2298,Sulcata Tortoise
2299,Sumatran Elephant
2300,Sumatran Orang-utan
2301,Sumatran Rhinoceros
2302,Sumatran Tiger
2303,Summer Tanager
2304,Sun Bear
2305,Sunbeam Snake
2306,Sunset Ball Python
2307,Super Pastel Ball Python
2308,Supersaurus
2309,Superworm
2310,Surgeonfish
2311,Sussex Chicken
2312,Swai Fish
2313,Swainson’s Hawk
2314,Swallow
2315,Swallowtail Butterfly
2316,Swallowtail Caterpillar
2317,Swan
2318,Swedish Elkhound
2319,Swedish Lapphund
2320,Swedish Vallhund
2321,Swordfish
2322,Syrian Hamster
2323,Taco Terrier
2324,Tailless Whip Scorpion
2325,Taimen Fish
2326,Taipan
2327,Takin
2328,Tamarin
2329,Tamaskan
2330,Tang
2331,Tangerine Leopard Gecko
2332,Tapanuli Orang-utan
2333,Tapir
2334,Tarantula Hawk
2335,Tarbosaurus
2336,Tarpon
2337,Tarsier
2338,Tasmanian Devil
2339,Tasmanian Tiger
2340,Tasmanian Tiger Snake
2341,Tawny Frogmouth
2342,Tawny Owl
2343,Teacup Chihuahua
2344,Teacup Maltese
2345,Teacup Miniature Horse
2346,Teacup Poodle
2347,Teddy Bear Hamster
2348,Teddy Guinea Pig
2349,Teddy Roosevelt Terrier
2350,Telescope Fish
2351,Ten-Lined June Beetle
2352,Tennessee Walking Horse
2353,Tenrec
2354,Tent Caterpillar
2355,Tentacled Snake
2356,Tenterfield Terrier
2357,Termite
2358,Terrier
2359,Terror Bird
2360,Tetra
2361,Texas Blind Snake
2362,Texas Brown Tarantula
2363,Texas Coral Snake
2364,Texas Garter Snake
2365,Texas Heeler
2366,Texas Indigo Snake
2367,Texas Night Snake
2368,Texas Rat Snake
2369,Texas Spiny Lizard
2370,Thai Ridgeback
2371,Thalassomedon
2372,Thanatosdrakon
2373,Theropod
2374,Thornback Ray
2375,Thorny Devil
2376,Thresher Shark
2377,Thrush
2378,Thylacoleo
2379,Thylacoleo carnifex
2380,Thylacosmilus
2381,Tibetan Fox
2382,Tibetan Mastiff
2383,Tibetan Spaniel
2384,Tibetan Terrier
2385,Tick
2386,Tiffany
2387,Tiger
2388,Tiger Beetle
2389,Tiger Moth
2390,Tiger Muskellunge (Muskie)
2391,Tiger Rattlesnake
2392,Tiger Salamander
2393,Tiger Shark
2394,Tiger snake
2395,Tiger Swallowtail
2396,Tiger Swallowtail Caterpillar
2397,Tiger Trout
2398,Timber Rattlesnake (Canebrake Rattlesnake)
2399,Timor python
2400,Tire Track Eel
2401,Titan Beetle
2402,Titanoboa
2403,Toadfish
2404,Tomato Hornworm
2405,Torkie
2406,Tornjak
2407,Tortoise
2408,Tosa
2409,Toucan
2410,Towhee
2411,Toxodon
2412,Toy Fox Terrier
2413,Toy Poodle
2414,Transylvanian Hound
2415,Trapdoor spider
2416,Tree Frog
2417,Tree Kangaroo
2418,Tree Snake
2419,Tree swallow
2420,Tree Viper (Bamboo Viper)
2421,Treecreeper
2422,Treehopper
2423,Treeing Tennessee Brindle
2424,Treeing Walker Coonhound
2425,Triggerfish
2426,Troodon
2427,Tropicbird
2428,Trout
2429,Tsetse Fly
2430,Tuatara
2431,Tufted Coquette
2432,Tufted Titmouse
2433,Tully Monster
2434,Tuna
2435,Turaco
2436,Turkey
2437,Turkey Vulture
2438,Turkish Angora
2439,Turtle Frog
2440,Turtles
2441,Tusoteuthis
2442,Tussock Moth
2443,Tussock Moth Caterpillar
2444,Twig Snake
2445,Tylosaurus
2446,Tyrannosaurus Rex
2447,Uakari
2448,Uaru Cichlid
2449,Uguisu
2450,Uinta Ground Squirrel
2451,Uintatherium
2452,Umbrellabird
2453,Unau (Linnaeus’s Two-Toed Sloth)
2454,Underwing Moth
2455,Upland Sandpiper
2456,Ural owl
2457,Urechis unicinctus (Penis Fish)
2458,Urial
2459,Uromastyx (Spiny-Tailed Lizard)
2460,Urutu Snake
2461,Utonagan
2462,Valley Bulldog
2463,Vampire Bat
2464,Vampire Crab 
2465,Vampire Squid
2466,Vaquita
2467,Vegavis
2468,Velociraptor
2469,Venus Flytrap
2470,Vermilion Flycatcher
2471,Vervet Monkey
2472,Vestal Cuckoo Bumblebee
2473,Vicuña
2474,Vine Snake
2475,Vinegaroon
2476,Viper
2477,Viper Boa
2478,Viper Shark (dogfish)
2479,Viperfish
2480,Virgin Islands Dwarf Gecko
2481,Vizsla
2482,Volcano Snail
2483,Vole
2484,Volpino Italiano
2485,Vulture
2486,Wahoo Fish
2487,Waimanu
2488,Walking Catfish
2489,Wallaby
2490,Walleye Fish
2491,Walrus
2492,Wandering Albatross
2493,Warbler
2494,Warthog
2495,Wasp
2496,Water Beetle
2497,Water Buffalo
2498,Water Bug
2499,Water Dragon
2500,Water Vole
2501,Waterbuck
2502,Wattled Jacana
2503,Wax Moth
2504,Weasel
2505,Weaver Bird
2506,Weimaraner
2507,Weimardoodle
2508,Wels Catfish
2509,Welsh Black Cattle
2510,Welsh Corgi
2511,Welsh Springer Spaniel
2512,Welsh Terrier
2513,West Highland Terrier
2514,West Siberian Laika
2515,Western Blacklegged Tick
2516,Western Blind Snake
2517,Western Diamondback Rattlesnake
2518,Western Gorilla
2519,Western Green Mamba
2520,Western Hognose Snake
2521,Western Lowland Gorilla
2522,Western Rat Snake
2523,Western Tanager
2524,Westiepoo
2525,Whale Shark
2526,Wheaten Terrier
2527,Whimbrel
2528,Whinchat
2529,Whippet
2530,Whiptail Lizard
2531,White Bass
2532,White Butterfly
2533,White Catfish
2534,White Crappie
2535,White Ferret / Albino Ferrets
2536,White German Shepherd
2537,White Marlin
2538,White Rhinoceros
2539,White Shark
2540,White Sturgeon 
2541,White Tiger
2542,White-Crowned Sparrow
2543,White-Eyed Vireo
2544,White-Faced Capuchin
2545,White-shouldered House Moth
2546,White-tail deer
2547,White-Tailed Eagle
2548,Whitetail Deer
2549,Whiting
2550,Whoodle
2551,Whooping Crane
2552,Wild Boar
2553,Wildebeest
2554,Willow Flycatcher
2555,Willow Warbler
2556,Winter Moth
2557,Wire Fox Terrier
2558,Wirehaired Pointing Griffon
2559,Wirehaired Vizsla
2560,Wiwaxia
2561,Wolf
2562,Wolf Eel
2563,Wolf Snake
2564,Wolf Spider
2565,Wolffish
2566,Wolverine
2567,Woma python
2568,Wombat
2569,Wood Bison
2570,Wood Frog
2571,Wood Tick
2572,Wood Turtle
2573,Woodlouse
2574,Woodlouse Spider
2575,Woodpecker
2576,Woodrat
2577,Woolly Aphids
2578,Woolly Bear Caterpillar
2579,Woolly Mammoth
2580,Woolly Monkey
2581,Woolly Rhinoceros
2582,Worm
2583,Worm Snake
2584,Wrasse
2585,Writing Spider
2586,Wrought Iron Butterflyfish
2587,Wryneck
2588,Wyoming Toad
2589,X-Ray Tetra
2590,Xeme (Sabine’s Gull)
2591,Xenacanthus
2592,Xenoceratops
2593,Xenoposeidon
2594,Xenotarsosaurus
2595,Xerus
2596,Xiaosaurus
2597,Xiaotingia
2598,Xingu River Ray
2599,Xiongguanlong
2600,Xiphactinus
2601,Xoloitzcuintli
2602,Yabby
2603,Yak
2604,Yakutian Laika
2605,Yarara
2606,Yellow Anaconda
2607,Yellow Aphids
2608,Yellow Bellied Sapsucker
2609,Yellow Belly Ball Python
2610,Yellow Bullhead Catfish
2611,Yellow Cobra
2612,Yellow Crazy Ant
2613,Yellow Perch
2614,Yellow Sac Spider
2615,Yellow Spotted Lizard
2616,Yellow Tanager (Black-and-Yellow Tanager)
2617,Yellow Tang
2618,Yellow-Bellied Sea Snake
2619,Yellow-Eyed Penguin
2620,Yellow-faced Bee
2621,Yellowfin Tuna
2622,Yellowhammer
2623,Yellowish Cuckoo Bumblebee (formerly Fernald’s Cuckoo Bumblebee)
2624,Yellowjacket (Yellow Jacket)
2625,Yellowtail Snapper
2626,Yellowthroat
2627,Yeti Crab
2628,Yokohama chicken
2629,Yoranian
2630,Yorkie Bichon
2631,Yorkie-poo
2632,Yorkshire Terrier
2633,Zebra
2634,Zebra Finch
2635,Zebra Mussels
2636,Zebra Pleco
2637,Zebra Shark
2638,Zebra Snake
2639,Zebra Spitting Cobra
2640,Zebra Tarantula
2641,Zebu
2642,Zokor
2643,Zonkey
2644,Zorse
2645,Zuchon
