1,Admixture
2,Antihistamine
3,Access
4,Ammunition
5,Airlock
6,Antitauon
7,Abode
8,Automobile
9,Airscrew
10,Antibaryon
11,Adornment
12,Amphitheater
13,Acetaminophen
14,Acetanilid
15,Abyss
16,Abm
17,Airmailer
18,Aconcagua
19,Antilepton
20,Angara
21,Airport
22,Algol
23,Apparatus
24,Aery
25,Apricot
26,Aircraft
27,Arsenal
28,Aeroplane
29,Acoustic
30,Alleyway
31,Aquaplane
32,Achondrite
33,Aspirin
34,Anise
35,Acicula
36,Assagai
37,Australia
38,Art
39,Aviary
40,Airframe
41,Architrave
42,Aglet
43,Archive
44,Attire
45,Artist
46,Actor
47,Ankle
48,Alluvion
49,Aerofoil
50,Antiquark
51,Adobe
52,Antique
53,Abutment
54,Abdomen
55,Anodyne
56,Argyll
57,Abortifacient
58,Attic
59,Anchor
60,Argyle
61,Applier
62,Apparel
63,Annapurna
64,Alluvium
65,Abbey
66,Anorak
67,Airplane
68,Altair
69,Abysm
70,Anamorphism
71,Amulet
72,Anteroom
73,Alembic
74,Acetanilide
75,Anesthyl
76,Actress
77,Arboretum
78,Ahpcrc
79,Abyla
80,Analyzer
81,Ammo
82,Abalone
83,Antifungal
84,Aye Aye
85,Antenna
86,Adder
87,Arteriogram
88,Andiron
89,Atm
90,Airgun
91,Auto
92,Altazimuth
93,Autograph
94,Adaptor
95,Attenuator
96,Atlas
97,Adps
98,Acetate
99,Adjunct
100,Assegai
101,Aggregate
102,Armband
103,Antineutrino
104,Acid
105,Amphitheatre
106,Abila
107,Ammonoid
108,Antineutron
109,Adams
110,Aerodrome
111,Airship
112,Adjuvant
113,Avon
114,Adapter
115,Accelerometer
116,Ankus
117,Agora
118,Alligator
119,Ampulla
120,Antibacterial
121,Andes
122,Automaton
123,Aiglet
124,Antefix
125,Antiquity
126,Aborticide
127,Alpaca
128,Alphabet
129,Aerosol
130,Apple Sauce
131,Aquarius
132,Altar
133,Armchair
134,Accumulator
135,Abukir
136,Abradant
137,Anchovy
138,Alley
139,Aquatint
140,Applicator
141,Ammonite
142,Arbor
143,Alien
144,Artwork
145,Airdock
146,Alternator
147,Aerosol Can
148,Amonia
149,Antiperspirant
150,Ajax Cleaner
151,Armchair
152,Address Book
153,Aluminum Foil
154,Aquarium
155,Air Purifier
156,Analog Clock
157,Armoire
158,Album
159,Air Mattress.
160,Apron
161,Alarm Clock.
162,Awning
163,Aspirin
164,Allspice
165,Antlers
166,Alligator tooth
167,Archery
168,antler
169,Army knife
170,Apple slicer
171,arrowhead
172,Arrow head
173,Auger
174,Attire
175,Abaya
176,Art Smock
177,Agate Ring
178,Apparel
179,Ankle Socks
180,Anklets
181,Active Wear
182,Ascot Tie
183,Anorak
184,Apron
185,Anorak
186,Arrow
187,Amphibian
188,Abode
189,Absentee
190,Arbor
191,Acquittance
192,Agnostic
193,Abductor
194,Airplane
195,Anchor
196,Access
197,Adhesive
198,Angel
199,Acre
200,Adhesion
201,Amplifier
202,Amulet
203,Accent
204,Acorn
205,Aquarius
206,Acceptor
207,Acquitter
208,Adherent
209,Afterthought
210,Accent Table
211,Arm Rest
212,Armoire
213,Anvil
214,Antique Table
215,Air Conditioner
216,Armchair
217,Apple Tv
218,Antique Chai
219,Americana
220,Appliance
221,Ascot
222,Amplifier
223,Airfryer
224,Airpods
225,Addressograph
226,Aircon
227,Abacus
228,Alternator
229,Alarm Clock
230,Appliance
231,Amp
232,Aerial
233,Airbrush
234,Am Radio
235,Airpod
236,Atomizer
237,Abet
238,Agony
239,Abundant
240,Arid
241,Abysmal
242,Amazing
243,Adopt
244,Affordable
245,Adept
246,Accurate
247,Apple
248,Arctic
249,Adventurous
250,Aboard
251,Appealing
252,Aglow
253,Alike
254,Adequate
255,Agon
256,Across
257,Accomplished
258,Ancient
259,Affirm
260,Angel
261,Aunt
262,Amazing
263,Adorable
264,Accomplish
265,Aesthetic
266,Abusive
267,Airline
